"","Quantity","Survival","TIS","Age","ADT","ADTT","Skew","NumberOfSnowfalls","NumberOfFreezeThawCycles"
"2",570,0,13,25,3230.25,322.625,0,3.625,13.875
"3",30,1,6,25,3135.8,313.4,0,1.8,14
"11",800,0,17,19,1318.33333333333,131.444444444444,0,17.7777777777778,48.6666666666667
"12",140,1,9.5,19,1294.5,129.166666666667,0,17.1666666666667,56.1666666666667
"21",1860,1,15.5,19,1318.33333333333,131.444444444444,0,17.7777777777778,48.6666666666667
"14",10900,0,2,24,20650,1426,0,37.5,7.5
"15",891,0,8,46,4466.4,679.4,0,15,14.4
"16",45,1,3,46,4377.33333333333,549.666666666667,0,16.3333333333333,15.3333333333333
"17",468,0,8,39,4466.4,679.4,10,15,14.4
"18",23,1,3,39,4377.33333333333,549.666666666667,10,16.3333333333333,15.3333333333333
"19",3080,0,16,2,470.444444444444,47.4444444444444,11,16.1111111111111,97.2222222222222
"110",132,1,1,2,495,71.5,49.5,14.5,112
"25",88,1,3,2,500,62.6666666666667,33,16.6666666666667,108.333333333333
"31",220,1,7,2,476,49.6,19.8,14,98.6
"4",1320,1,9,2,468.333333333333,49.1666666666667,16.5,14,94.3333333333333
"112",450,0,14,80,319.625,13.25,0,9.875,55.125
"115",1292,0,11,49,3539.90909090909,610,0,17.4545454545455,33.0909090909091
"116",2550,0,12,48,3457.14285714286,591.857142857143,0,20.4285714285714,31.5714285714286
"117",4450,0,17,35,6395,710.6,48,15.6,50.6
"118",250,1,3,35,5016.66666666667,501.666666666667,48,9.33333333333333,60.3333333333333
"29",250,1,6,35,5430,713.6,48,11,57.4
"34",250,1,8,35,5458.33333333333,650.666666666667,48,12,57.3333333333333
"120",12936,0,12,18,12525,1098.71428571429,5,10,48
"121",3264,0,16,34,7575.44444444444,830.666666666667,20,8.77777777777778,46.6666666666667
"122",170,1,5,34,7600,1091.25,20,9.75,45.25
"211",170,1,7,34,7620,965.4,20,9.8,44.2
"36",680,1,11,34,7739.85714285714,850.285714285714,20,9.14285714285714,46.5714285714286
"124",7360,0,15,32,1968.55555555556,1017.33333333333,0,20.6666666666667,108.333333333333
"125",460,1,1,32,150,15,0,24.5,111.5
"213",460,1,3,32,153.333333333333,15.3333333333333,0,23.3333333333333,113.333333333333
"38",460,1,4.5,32,155,15.5,0,20.75,113.75
"45",460,1,10,32,159.571428571429,15.8571428571429,0,21.5714285714286,107.285714285714
"127",2460,0,16,31,3421.27272727273,555.909090909091,0,17.4545454545455,96.8181818181818
"128",2460,1,1,31,3350,568,0,14.5,112
"215",1230,1,3,31,3366.66666666667,469.333333333333,0,16.6666666666667,108.333333333333
"310",5535,1,5,31,3375,530.5,0,15.25,104
"47",615,1,7.5,31,3400,595.166666666667,0,14.8333333333333,96.1666666666667
"131",1600,0,14,75,864.777777777778,127.666666666667,11.1111111111111,7.77777777777778,76.2222222222222
"133",800,0,16,66,2335.66666666667,200.666666666667,30,16.1111111111111,97.2222222222222
"134",1600,0,16,54,7245.11111111111,824,0,21.8888888888889,14.4444444444444
"135",11280,0,16,31,1012.22222222222,173.555555555556,0,15,124.444444444444
"136",1410,1,1,31,985,147.5,0,19.5,140
"219",9165,1,3,31,1023.33333333333,135,0,19.3333333333333,138
"138",6300,0,16,30,1100,183.333333333333,22,15,124.444444444444
"139",7560,1,3,30,1373.33333333333,177,22,19.3333333333333,138
"141",700,0,14,76,49.5,0,38,9.5,55
"142",700,0,14,75,49.5,0,45,9.5,55
"143",2565,0,10,47,1899.33333333333,189.833333333333,0,NA,14.1666666666667
"144",135,1,8.5,47,1899.33333333333,189.833333333333,0,NA,14.1666666666667
"145",1950,0,13,51,10405.5,475.75,0,3.125,19.75
"146",1287,1,3,51,9277.66666666667,530.666666666667,0,4.33333333333333,12.3333333333333
"149",14800,0,14,15,3137.5,309.125,0,65.875,120.75
"150",740,1,1,15,3450,483,0,58,142.5
"225",2960,1,5,15,3175,321.25,0,65,130.75
"316",5550,1,7,15,3060,288.2,0,64.6,130.4
"152",7080,0,16,30,1290.33333333333,223.333333333333,35,15,124.444444444444
"153",590,1,5,30,1325,185.25,35,19,132
"227",2360,1,7,30,1320,192.4,35,17.8,126.4
"318",1180,1,11,30,1316.14285714286,217.857142857143,35,15.1428571428571,123.142857142857
"412",590,1,15,30,1290.33333333333,223.333333333333,35,15,124.444444444444
"156",12495,0,16,32,1546,211.555555555556,0,26.5555555555556,114.666666666667
"157",294,1,1,32,1600,275,0,23,133
"230",441,1,3,32,1600,226,0,23.3333333333333,128
"321",735,1,5,32,1600,197.5,0,24.75,125
"414",735,1,9,32,1583.33333333333,200.333333333333,0,23,114.333333333333
"159",2700,0,10,47,2587.33333333333,318,15,12.8333333333333,117.666666666667
"160",150,1,9,47,2587.33333333333,318,15,12.8333333333333,117.666666666667
"162",1500,0,14,46,1276.625,225.25,0,15.125,124
"163",250,1,3,46,1300,177.666666666667,0,20.6666666666667,133.333333333333
"233",250,1,9,46,1302.16666666667,219.5,0,15.3333333333333,122.333333333333
"166",11300,0,15,11,143.375,28.125,35,8.75,98.125
"167",2380,0,16,40,843,83.8888888888889,0,20.6666666666667,110.666666666667
"168",340,1,1,40,920,90.5,0,19,128
"236",680,1,15,40,843,83.8888888888889,0,20.6666666666667,110.666666666667
"170",3900,0,16,13,191.666666666667,9.11111111111111,22,16.1111111111111,97.2222222222222
"171",800,0,12,36,7742.85714285714,633.142857142857,0,4.42857142857143,24
"172",1140,0,16,30,6867.77777777778,746.555555555556,0,22.4444444444444,32.4444444444444
"173",60,1,15,30,6867.77777777778,746.555555555556,0,22.4444444444444,32.4444444444444
"174",9095,0,16,32,706.777777777778,36.5555555555556,0,4.66666666666667,13.7777777777778
"175",1605,1,11,32,697.571428571429,38.7142857142857,0,3.85714285714286,13.8571428571429
"176",27875,0,16,31,1622.22222222222,224,0,10.7777777777778,16.2222222222222
"177",9975,1,11,31,1685.71428571429,196,0,10.7142857142857,16.2857142857143
"179",4440,0,14,68,22875.125,1458.375,0,70.875,124.25
"180",740,1,1,68,23600.5,3540,0,74,132.5
"240",1480,1,11,68,23343,1582.71428571429,0,69.2857142857143,125.714285714286
"327",740,1,13,68,22875.125,1458.375,0,70.875,124.25
"182",3800,0,16,7,4027.77777777778,370.777777777778,0,3.77777777777778,15.2222222222222
"183",300,1,15,7,4027.77777777778,370.777777777778,0,3.77777777777778,15.2222222222222
"184",1615,0,14,68,3458.875,164.75,30,4.875,13.5
"185",85,1,3,68,3433.33333333333,266.333333333333,30,3,13.3333333333333
"186",1615,0,14,68,3458.875,164.75,25,4.875,13.5
"187",85,1,7,68,3419.6,200.2,25,3.2,13.8
"188",1940,0,15,28,515.111111111111,51.2222222222222,0,16.7777777777778,35.7777777777778
"189",4850,1,3,28,343.333333333333,34.3333333333333,0,22,38.6666666666667
"242",2910,1,8,28,462.666666666667,46.1666666666667,0,18.3333333333333,34
"191",2500,0,14,68,4764.625,325.5,20,3.875,15.125
"192",2600,0,14,35,950.375,43.125,0,3.875,15.125
"193",4300,0,15,68,10340.7777777778,377.777777777778,0,55.7777777777778,121.444444444444
"194",168,1,1,68,10100,740,0,68,132
"244",3260,1,14.5,68,10340.7777777778,377.777777777778,0,55.7777777777778,121.444444444444
"197",2200,0,10,50,2612.5,1144.5,18,24.5,54.3333333333333
"198",110,1,7,50,2595,1114.2,18,25.2,57.6
"199",15800,0,14,22,1136.75,133.5,0,23.625,31.75
"1100",5200,0,16,15,389.777777777778,47.4444444444444,0,22.8888888888889,28.2222222222222
"1101",7295,0,16,35,2711.11111111111,328.777777777778,35,20.6666666666667,32
"1102",5,1,15,35,2711.11111111111,328.777777777778,35,20.6666666666667,32
"1103",11200,0,2,29,17200,2064,0,NA,NA
"1104",22230,0,15,27,8043.22222222222,4079,99,20.6666666666667,108.333333333333
"1105",1170,1,4.5,27,7525,3507.25,99,20.75,113.75
"1106",16100,0,15,27,8021,4128.66666666667,99,20.6666666666667,108.333333333333
"1107",15580,0,15,27,8032.11111111111,4082.22222222222,42,20.6666666666667,108.333333333333
"1108",820,1,6,27,7660,3658.6,42,21.4,108.8
"1109",900,0,12,67,565.285714285714,118.428571428571,0,9.57142857142857,45.2857142857143
"1110",300,1,1,67,300,37.5,0,6.5,64.5
"1112",1536,0,8,38,1200,392,15,10.4,97.6
"1113",1710,0,8,38,1200,392,30,10.4,97.6
"1114",2520,0,17,27,419.111111111111,41.4444444444444,26,24.2222222222222,104.333333333333
"1115",280,1,9,27,405.166666666667,40.1666666666667,26,25.6666666666667,109.833333333333
"1116",608,0,4,31,60.6666666666667,0,0,28,106.666666666667
"1117",2185,0,2,83,1000,220,0,NA,NA
"1118",1760,0,16,65,4116,849.666666666667,0,7.33333333333333,59.1111111111111
"1119",220,1,1,65,4000,600,0,4,62
"249",220,1,3,65,3966.66666666667,556,0,5,63.3333333333333
"1122",102100,0,5,8,7015,1477.75,0,20.25,74.5
"1123",4600,0,15,37,1662.33333333333,166,0,16.7777777777778,35.7777777777778
"1124",5750,1,3,37,1355,135.333333333333,0,22,38.6666666666667
"252",1150,1,12,37,1638.375,163.625,0,17.375,36.75
"1127",3080,0,6,17,6825,1243.25,21,29.75,56.75
"1128",20460,0,16,35,16136.2222222222,4404.88888888889,0,11.8888888888889,51.3333333333333
"1129",8525,1,3,35,21100,4800,0,9.33333333333333,60.3333333333333
"255",5115,1,9,35,17008.3333333333,4232.83333333333,0,11.3333333333333,52.8333333333333
"334",3410,1,11,35,16634.5714285714,4306.57142857143,0,12.2857142857143,53.8571428571429
"1132",1445,0,16,58,1857.44444444444,344.666666666667,0,15,124.444444444444
"1133",34,1,1,58,1800,378,0,19.5,140
"258",51,1,3,58,1933.33333333333,325.333333333333,0,19.3333333333333,138
"337",170,1,15,58,1857.44444444444,344.666666666667,0,15,124.444444444444
"1135",3600,0,16,58,1868.55555555556,354.111111111111,45,15,124.444444444444
"1136",200,1,1,58,1850,420.5,45,19.5,140
"1139",7890,0,16,23,8732.11111111111,1835.44444444444,0,11.8888888888889,51.3333333333333
"1141",7920,0,12,39,971.666666666667,265.833333333333,40,11.3333333333333,18.6666666666667
"1142",990,1,9,39,996,290.2,40,12.2,19.8
"263",990,1,11,39,971.666666666667,265.833333333333,40,11.3333333333333,18.6666666666667
"1144",14069,0,16,4,934.111111111111,18.8888888888889,0,4.66666666666667,13.7777777777778
"1145",31,1,15,4,934.111111111111,18.8888888888889,0,4.66666666666667,13.7777777777778
"1146",900,0,18,55,573.733333333333,85.6,0,29,113.6
"1147",2200,0,2,38,3400,494,0,NA,10.5
"1149",1550,0,16,36,3092.22222222222,280.888888888889,0,20.6666666666667,110.666666666667
"1150",310,1,7,36,3080,276.2,0,21.4,113
"266",775,1,9,36,3116.66666666667,246.666666666667,0,20.8333333333333,108.833333333333
"340",310,1,15,36,3092.22222222222,280.888888888889,0,20.6666666666667,110.666666666667
"1153",2250,0,2,37,560,54.5,44,19,128
"1154",250,1,1,37,560,54.5,44,19,128
"1155",1125,0,8,50,3193.2,216,45,19.4,117
"1156",375,1,5,50,3158.25,220.25,45,18.75,118
"1157",675,0,10,48,3194.33333333333,233.333333333333,0,17.8333333333333,122.833333333333
"1158",180,1,7,48,3166.6,240.2,0,17,124.8
"1161",7100,0,16,41,7411.11111111111,525.222222222222,0,23.6666666666667,125.555555555556
"1162",333,1,1,41,5250,447.5,0,21.5,132
"1165",3510,0,16,39,621.666666666667,94.8888888888889,30,15,124.444444444444
"1166",1755,1,1,39,790,118.5,30,19.5,140
"274",2145,1,3,39,706.666666666667,100.333333333333,30,19.3333333333333,138
"1168",2000,0,16,35,897.777777777778,160.555555555556,16,15,124.444444444444
"1169",1500,0,12,84,192.857142857143,8.57142857142857,0,12.1428571428571,46.1428571428571
"1170",400,1,3,84,203.333333333333,4,0,8.66666666666667,35.6666666666667
"276",100,1,11,84,192.857142857143,8.57142857142857,0,12.1428571428571,46.1428571428571
"1172",380,0,4,43,2100,298,0,59.6666666666667,111.666666666667
"1173",1167,0,8,45,4520,476.8,0,21.6,31
"1174",4710,0,16,44,3022.22222222222,304.777777777778,0,20.6666666666667,32
"1175",240,1,1,44,3050,213.5,0,21.5,33.5
"278",96,1,3,44,3200,235.666666666667,0,22,38.6666666666667
"346",144,1,5,44,3150,236.75,0,19.5,33.25
"427",240,1,7,44,3080,234.2,0,19.8,33.8
"1178",2773,0,16,57,3022.22222222222,304.777777777778,10,20.6666666666667,32
"1179",27,1,15,57,3022.22222222222,304.777777777778,10,20.6666666666667,32
"1181",5272,0,8,45,2980,155,0,5.8,99
"1182",21530,0,16,24,611.111111111111,56.5555555555556,0,8.22222222222222,103.444444444444
"1183",1435,1,1,24,490,24,0,4,116.5
"282",4305,1,3,24,620,30.6666666666667,0,5.33333333333333,113.666666666667
"348",1435,1,13,24,582.5,55.25,0,8.25,105.5
"1185",1098,0,17,37,1174.1,58.2,35,20.7,63.9
"1186",2,1,16.5,37,1174.1,58.2,35,20.7,63.9
"1187",3420,0,16,46,986.888888888889,101.333333333333,0,16.1111111111111,97.2222222222222
"1188",38,1,1,46,670,67,0,14.5,112
"284",152,1,3,46,650,65,0,16.6666666666667,108.333333333333
"350",190,1,7,46,899.6,89.8,0,14,98.6
"1190",4320,0,16,43,716.555555555556,82.3333333333333,0,16.1111111111111,97.2222222222222
"1191",2376,1,1,43,510,51,0,14.5,112
"286",4824,1,3,43,543.333333333333,54.3333333333333,0,16.6666666666667,108.333333333333
"1193",2625,0,16,46,693.222222222222,80,15,16.1111111111111,97.2222222222222
"1194",1050,1,1,46,405,40.5,15,14.5,112
"1195",5600,0,2,32,2615,529.5,0,NA,10.5
"1196",2375,0,16,39,1345,82.375,24,19.75,108.75
"1197",125,1,11,39,1323.66666666667,86.5,24,20.5,107.666666666667
"1198",6100,0,14,43,1231.875,61.125,22.5,3.875,15.125
"1199",780,1,1,38,750,75,0,1.5,13
"289",520,1,7,38,973.2,49.8,0,3.2,13.8
"1202",700,0,14,42,128.75,12.5,0,24.125,29.125
"1203",756,0,7,46,364.25,40.25,11.25,27,33.25
"1204",151,1,1.5,46,678.5,67.5,15,25.5,36.5
"1205",3890,0,16,20,624.555555555556,30.7777777777778,0,4.66666666666667,13.7777777777778
"1206",1050,1,11,20,610.142857142857,30.1428571428571,0,3.85714285714286,13.8571428571429
"293",2060,1,15,20,624.555555555556,30.7777777777778,0,4.66666666666667,13.7777777777778
"1208",4680,0,14,36,795.5,100.875,30,4.875,13.5
"1209",520,1,11,36,768.285714285714,97,30,3.85714285714286,13.8571428571429
"1210",1540,0,16,11,805.555555555556,102.777777777778,0,4.66666666666667,13.7777777777778
"1211",60,1,15,11,805.555555555556,102.777777777778,0,4.66666666666667,13.7777777777778
"1212",800,0,14,43,1191.25,90.75,0,3.875,15.125
"1213",1900,0,14,37,343,10.625,0,4.875,13.5
"1214",2139,0,14,40,583.25,37.375,0,3.875,15.125
"1215",161,1,11.5,40,586.857142857143,38.8571428571429,0,2.71428571428571,15.7142857142857
"1216",2300,0,14,40,565.75,35.625,25,3.875,15.125
"1217",5270,0,14,40,586.625,38.625,29,3.875,15.125
"1218",930,1,11.5,40,575.428571428571,37.5714285714286,29,2.71428571428571,15.7142857142857
"1219",5510,0,14,38,668.5,14.375,40,4.875,13.5
"1220",290,1,13,38,668.5,14.375,40,4.875,13.5
"1221",567,0,2,19,2221,221.5,0,22.5,23
"1222",791,0,12,43,2192.14285714286,196.857142857143,0,22.1428571428571,32.5714285714286
"1223",42,1,9,43,2132.5,200,0,22.6666666666667,34.1666666666667
"1224",900,0,2,20,3025.5,302.5,20,22.5,23
"1225",952,0,2,26,3842,383.5,0,22.5,23
"1226",2500,0,15,40,859.625,73.875,0,22.875,30.75
"1227",125,1,12,40,811,74.1428571428571,0,23.4285714285714,31.8571428571429
"1228",7400,0,14,23,21606.5,2160.125,30,23.625,31.75
"1229",1805,1,7,44,7619.4,761.4,0,21,30.4
"1231",571,0,12,43,433,45.4285714285714,0,22.1428571428571,32.5714285714286
"1232",644,0,9,44,2483,306.8,10,25.2,28.4
"1233",564,0,11,44,146,18,0,23.5714285714286,31.4285714285714
"1234",1500,0,16,38,1624.88888888889,180.444444444444,0,22.4444444444444,32.4444444444444
"1235",510,0,16,56,514.888888888889,75.4444444444444,0,15,124.444444444444
"1236",90,1,1,56,630,95,0,19.5,140
"1237",720,0,16,56,518.222222222222,75.8888888888889,0,15,124.444444444444
"1238",40,1,1,56,630,95,0,19.5,140
"297",40,1,5,56,587.5,84.5,0,19,132
"1240",4600,0,14,34,407,17.125,16,4.875,13.5
"1241",583,0,12,38,118.285714285714,6.57142857142857,10,22.1428571428571,32.5714285714286
"1242",1904,0,10,39,2032.5,194,0,22.6666666666667,31.5
"1243",2800,0,16,37,929.666666666667,96.5555555555556,0,22.4444444444444,32.4444444444444
"1244",432,0,12,42,155.142857142857,19.1428571428571,0,22.1428571428571,32.5714285714286
"1245",462,0,15,40,1384.875,166.375,0,22.875,30.75
"1246",938,1,12,40,1382.71428571429,154.142857142857,0,23.4285714285714,31.8571428571429
"1247",810,0,2,32,467,46.5,0,22.5,23
"1248",800,0,2,32,467,46.5,0,22.5,23
"1249",725,0,2,34,3959.5,395.5,45,22.5,23
"1250",800,0,2,30,538,53.5,0,22.5,23
"1251",644,0,9,46,410.2,37,0,25.2,28.4
"1252",763,0,7,28,318.5,31,30,26.75,29.75
"1253",584,0,7,49,256.75,29.75,0,27,33.25
"1254",700,0,2,34,1320,132,0,22.5,23
"1255",832,0,6,46,1567.25,169.25,15,29.5,30
"1256",700,0,2,37,1208,120.5,47,22.5,23
"1257",456,0,6,47,56.5,5.25,0,29.5,30
"1258",3100,1,5,42,616.333333333333,61.3333333333333,40,20.3333333333333,23.6666666666667
"1259",1170,0,15,44,3269,308.125,0,22.875,30.75
"1260",65,1,7,44,3507.4,350.4,0,19.8,28.8
"299",65,1,14,44,3269,308.125,0,22.875,30.75
"1262",480,1,3,43,338.333333333333,33.3333333333333,0,25.3333333333333,29
"2101",320,1,5,43,342.5,33.75,0,21.75,30.25
"1265",480,0,11,40,201.833333333333,21.5,10,25.5,29.8333333333333
"1266",612,0,12,39,381.142857142857,48.1428571428571,0,22.1428571428571,32.5714285714286
"1267",740,0,15,40,2635.625,272.625,0,22.25,31.625
"1268",2331,1,7,40,2731.5,272.75,0,16.5,33.25
"1270",360,0,18,39,1171,132.363636363636,0,21.1818181818182,29.2727272727273
"1271",1890,1,11,39,1170,116.571428571429,0,20.7142857142857,33.1428571428571
"2106",450,1,17,39,1171,132.363636363636,0,21.1818181818182,29.2727272727273
"1273",4900,0,15,41,1209,126.615384615385,20,21.5384615384615,30.2307692307692
"1274",1800,0,15,38,2798.625,279.5,0,22.875,30.75
"1275",1407,0,16,44,8461.55555555555,796,49,22.4444444444444,32.4444444444444
"1276",693,1,13,44,8588,830.375,49,22.875,33.625
"1277",1200,1,13,42,810,76,0,22.875,33.625
"1278",990,0,15,42,476.25,45.625,18,22.875,30.75
"1279",110,1,5,42,524,52.25,18,18.75,28.25
"1280",200,0,14,57,971.125,144.875,31,9.5,55
"1281",600,1,5,57,942.5,140.5,31,7,54.5
"1282",1000,0,14,57,316.625,47.125,36,9.5,55
"1283",800,0,14,57,316.625,31.25,25,9.5,55
"1284",2465,0,14,46,102.75,15,20,9.5,55
"1285",435,1,7,46,100.4,14.6,20,6.6,54.8
"1286",1025,0,8,27,188.2,19.2,15,23.4,33.2
"1287",675,0,2,34,314.5,31,45,22.5,23
"1288",800,0,2,30,1,0,20,22.5,23
"1289",6441,0,12,77,8852.2,472.2,0,17.4,53.8
"1290",920,1,3,77,8311,490.5,0,16,54.5
"1293",2090,0,16,60,580.777777777778,11.3333333333333,0,20.3333333333333,71.3333333333333
"1294",110,1,9,60,566.166666666667,11,0,16.6666666666667,73.5
"1295",8080,0,17,35,488.7,70.1,0,5.3,84.9
"1296",455,1,5,35,51,0,0,4.75,90.5
"2110",565,1,16.5,35,488.7,70.1,0,5.3,84.9
"1298",3895,0,16,45,915.222222222222,98.1111111111111,0,16.1111111111111,97.2222222222222
"1299",41,1,1,45,1255,187,0,14.5,112
"2112",164,1,3,45,1156.66666666667,153.333333333333,0,16.6666666666667,108.333333333333
"1303",6110,0,16,45,19877.7777777778,5404.44444444444,0,9.55555555555556,52.8888888888889
"1304",2820,1,1,45,16650,3696,0,8,53.5
"2116",470,1,9,45,19333.3333333333,5102,0,7.66666666666667,55.6666666666667
"1306",580,0,14,45,1016.25,126.875,45,5.625,90
"1307",2407,1,1,45,1050,108,45,6,99.5
"1309",338,0,14,45,1041.25,128.375,45,5.625,90
"1310",1638,1,1,45,1100,111,45,6,99.5
"1315",4500,0,17,33,10624.2,2981.4,15,15.6,50.6
"1316",500,1,3,33,9900,2178,15,9.33333333333333,60.3333333333333
"1317",2870,0,14,45,19072.2857142857,4596.57142857143,0,7.71428571428571,59.7142857142857
"1318",205,1,13,45,19072.2857142857,4596.57142857143,0,7.71428571428571,59.7142857142857
"1320",8680,0,17,1,18812.5,4673.5,45,9.75,50
"1321",2480,1,1,1,15800,3258,45,8,53.5
"2126",620,1,4,1,16900,4018.33333333333,45,8.66666666666667,50
"369",620,1,9,1,18200,4506.6,45,8.8,53.2
"1323",5800,0,4,2,9383.33333333333,2970.33333333333,18,7.33333333333333,15.6666666666667
"1324",7410,0,12,2,19966.1428571429,6585.28571428571,3,8.28571428571429,23.2857142857143
"1325",390,1,3,2,18783.3333333333,5295,0,7.33333333333333,15.6666666666667
"1326",9120,0,10,2,19593.8333333333,6379.16666666667,0,7.5,21.1666666666667
"1327",96,1,3,2,17883.3333333333,5093,0,7.33333333333333,15.6666666666667
"2128",384,1,5,2,18612.5,5795.75,0,6.75,14.75
"1329",4300,0,17,42,65.1,0,22,20.4,118
"1330",960,1,9,42,66.4285714285714,0,22,19.7142857142857,125.428571428571
"1331",680,0,10,39,17663.6666666667,4153.33333333333,45,2.66666666666667,14.3333333333333
"1332",1360,1,7,39,17510,4062.4,45,2.8,15.6
"1335",19635,0,7,1,30890.6,1841.8,8,25.2,32.8
"1336",2455,1,0.5,1,27300,1638,8,21,31
"2133",1227,1,6,1,30890.6,1841.8,8,25.2,32.8
"1338",3735,1,11.5,33,945,94.2857142857143,0,16.8571428571429,52
"1340",2700,0,14,44,1111.5,110.75,38,5.125,24.5
"1341",150,1,9,44,1085.66666666667,108.333333333333,38,4,26.1666666666667
"2136",150,1,13,44,1111.5,110.75,38,5.125,24.5
"1343",4400,1,1,43,715,178,0,74,132.5
"1345",6270,0,14,27,4699.25,1942.375,15,8.625,102
"1346",660,1,1,27,4400,1569.5,15,5.5,113
"2139",660,1,5,27,4525,1545.5,15,5.25,104.5
"376",660,1,7,27,4580,1697.2,15,5.2,102.8
"436",1320,1,11,27,4670.85714285714,1884,15,8.71428571428571,104.142857142857
"1349",5844,0,8,10,782,7.6,45,5.2,25.2
"1350",2506,1,1,10,690,6.5,45,3,21.5
"1352",2700,1,1,42,12250,426.5,0,8,35.5
"2143",4320,1,5,42,13150,462.5,0,10,34.5
"378",540,1,7.5,42,13850,486.5,0,10.5,38.3333333333333
"438",3240,1,11,42,13550,514.375,0,11.875,45.375
"1355",3150,0,14,42,160.125,31.625,20,28.625,120.125
"1356",350,1,7,42,153.2,30.4,20,20.4,124.6
"1357",1900,0,15,42,325.076923076923,32,0,61.5384615384615,124.461538461538
"1358",100,1,5.5,42,311.6,30.4,0,68,125.6
"1359",1425,0,14,40,276.857142857143,27.1428571428571,12,10.1428571428571,47.2857142857143
"1360",75,1,7,40,270.8,26.6,12,9.8,44.2
"1361",9030,0,16,40,17300.125,4088.125,20,7.375,58.25
"1362",3870,1,1,40,12050,1807,20,4,62
"1364",465,0,12,38,15262.5,2951.33333333333,0,4.66666666666667,26.3333333333333
"1365",403,1,1,38,14355,3007,0,2.5,21
"2147",1705,1,6,38,14602.5,2851.75,0,2.5,26
"1370",15610,1,3,37,24900,4519.66666666667,24,8.66666666666667,35.6666666666667
"2152",1115,1,9,37,29050,5521.16666666667,24,12.8333333333333,46.8333333333333
"384",4460,1,11,37,28914.2857142857,5856.42857142857,24,12.1428571428571,46.1428571428571
"1373",5040,0,14,3,5566.25,2264.5,22,8.625,102
"1374",2520,1,1,3,5600,1814,22,5.5,113
"2155",840,1,3,3,5333.33333333333,1561.33333333333,22,4.33333333333333,108.333333333333
"1376",2700,0,14,39,5566.25,2264.5,0,8.625,102
"1377",1350,1,1,39,5600,1814,0,5.5,113
"2157",1080,1,3,39,5333.33333333333,1561.33333333333,0,4.33333333333333,108.333333333333
"388",270,1,5,39,5300,1730,0,5.25,104.5
"1379",3510,0,14,39,5566.25,2264.5,0,8.625,102
"1380",1080,1,1,39,5600,1814,0,5.5,113
"2159",810,1,3,39,5333.33333333333,1561.33333333333,0,4.33333333333333,108.333333333333
"1382",1955,0,16,39,633.888888888889,44,0,20.6666666666667,110.666666666667
"1383",345,1,1,39,510,45,0,19,128
"1384",13015,0,16,24,1025.55555555556,111,0,16.1111111111111,97.2222222222222
"1385",685,1,3,24,1116.66666666667,144.666666666667,0,16.6666666666667,108.333333333333
"1386",3200,0,17,39,65.5454545454545,0,28,19.7272727272727,116.727272727273
"1387",2443,0,6,46,515.666666666667,50.6666666666667,16,10.6666666666667,50
"1388",1929,1,1,46,509,50,16,11.5,48
"1391",36765,0,16,25,11363.25,1688.25,30,22.375,33.75
"1392",1935,1,6,25,11425,1491.75,30,19.25,34.25
"1393",8700,0,2,32,18000,3960,0,8.5,59.5
"1394",11165,0,12,37,7514.25,375.5,91,11.875,45.375
"1395",2030,1,1,37,500,25,67,8,35.5
"2164",6090,1,3,37,3500,175,77.6666666666667,8.66666666666667,35.6666666666667
"392",1015,1,6.5,37,6014,300.6,86.2,10,35.6
"1398",1200,0,14,41,2637.5,197.5,40,9.875,55.125
"1399",140,1,1,41,2550,115.5,40,5.5,70
"1401",3400,1,1,39,12,1,21,74,132.5
"1402",4347,1,1,39,7616,761.5,99,8,35.5
"1405",5250,0,17,35,9304.7,2647.8,0,15.6,50.6
"1406",110,1,10,35,9007.14285714286,2368.71428571429,0,14.4285714285714,56.7142857142857
"2171",140,1,16,35,9304.7,2647.8,0,15.6,50.6
"1408",5225,0,17,35,8916.9,2566.5,0,15.6,50.6
"1409",275,1,8,35,8911.66666666667,2373.66666666667,0,12,57.3333333333333
"2173",110,1,12,35,8909.375,2492.375,0,14.5,53
"1411",3850,0,16,35,289.333333333333,33,44,20.3333333333333,71.3333333333333
"1412",550,1,1,35,300,30,44,16,87.5
"2175",1650,1,3,35,300,30,44,17.6666666666667,89
"399",6600,1,5,35,303.5,30.25,44,19.5,81.75
"1415",4275,0,15,41,386.25,68.125,28,9.5,42.875
"1416",5040,0,17,39,387.777777777778,65.1111111111111,46,9.22222222222222,41
"1417",840,1,1,39,365,65.5,46,9,41
"1419",1850,0,14,38,204,25.375,0,14.5,119.125
"1420",555,1,5,38,232.5,30.75,0,17,123
"2180",370,1,9,38,222,25.3333333333333,0,16,118.833333333333
"1425",3800,0,14,37,63,6,99,10.1428571428571,47.2857142857143
"1428",2300,0,16,36,3000,782.222222222222,38,7.11111111111111,41.1111111111111
"1429",138,1,1,36,3050,765,38,6.5,41.5
"2187",460,1,7,36,3100,932,38,6.8,39.8
"1431",2610,0,16,36,3000,782.222222222222,45,7.11111111111111,41.1111111111111
"1432",754,1,1,36,3050,765,45,6.5,41.5
"2189",1450,1,10.5,36,3085.71428571429,743.428571428571,45,7.57142857142857,41.8571428571429
"1435",6550,0,15,33,8205.25,2221.5,0,8.5,54.25
"1436",2620,1,9,33,8275,2196,0,7.4,52.4
"1439",9945,0,14,34,13728,3840.85714285714,0,7.71428571428571,59.7142857142857
"1440",585,1,9,34,13499.2,3660,0,7,57.6
"1442",11790,0,16,33,3975.44444444444,1976.44444444444,30,20.6666666666667,110.666666666667
"1443",131,1,1,33,3450,1501,30,19,128
"2196",5109,1,3,33,3566.66666666667,1355.33333333333,30,23.3333333333333,120.333333333333
"1445",11970,0,16,33,3983.77777777778,1909.44444444444,30,20.6666666666667,110.666666666667
"1446",126,1,1,33,3450,1501,30,19,128
"2198",1134,1,3,33,3566.66666666667,1355.33333333333,30,23.3333333333333,120.333333333333
"3111",1260,1,7,33,3745,1457,30,21.4,113
"455",2520,1,9,33,3804.16666666667,1583.16666666667,30,20.8333333333333,108.833333333333
"523",1260,1,13,33,3938.875,1827.875,30,21.625,112.5
"1449",5320,0,16,33,375,39.2857142857143,0,9,50.2857142857143
"1450",280,1,2,33,500,50,0,8,44
"1451",1350,0,12,40,312.714285714286,30.8571428571429,0,21.1428571428571,105.714285714286
"1452",4770,0,16,36,1016.66666666667,138.666666666667,5,9.55555555555556,52.8888888888889
"1453",530,1,3,36,1233.33333333333,176.333333333333,5,6,58.3333333333333
"1455",73,0,2,49,17950,897.5,20,NA,9.5
"1456",362,1,1,49,17950,897.5,20,NA,9.5
"1457",5490,0,14,34,195,23.75,0,12.125,43.875
"1458",610,1,5,34,202.5,21.5,0,10.25,44
"1459",2280,0,3,46,1023.33333333333,431,12.6666666666667,10.6666666666667,52.6666666666667
"1460",2280,0,10,35,1205.33333333333,432,0,8.66666666666667,40.6666666666667
"1461",120,1,5,35,1282.5,438,0,8,35.25
"1462",6960,0,16,35,1322.22222222222,132.111111111111,33,9.55555555555556,52.8888888888889
"1463",1740,1,5,35,1325,161.75,33,7,54.5
"1464",11850,0,16,33,5367.33333333333,1824.22222222222,0,12.1111111111111,42.6666666666667
"1465",242,1,9,33,5400,1782.33333333333,0,10.6666666666667,44.5
"2202",8,1,15,33,5367.33333333333,1824.22222222222,0,12.1111111111111,42.6666666666667
"1467",1900,1,5,32,101.25,10,0,9.75,45.25
"1468",5800,0,17,32,6084.4,1848,17,4.2,70.9
"1469",580,1,7,32,6460,1641.6,17,2.4,74.2
"1470",8000,0,17,33,5674.6,1748.6,17,4.2,70.9
"1471",5040,0,10,32,133,41.3333333333333,0,19.3333333333333,105.833333333333
"1472",360,1,7,32,153.6,46.8,0,20.6,107.8
"2205",360,1,9,32,133,41.3333333333333,0,19.3333333333333,105.833333333333
"1474",1520,0,14,35,8558.25,598.625,45,23.875,127.625
"1475",190,1,3,35,7367.33333333333,515.333333333333,45,20.6666666666667,145
"1477",3500,0,17,32,45.6666666666667,0,28,20.6666666666667,118.444444444444
"1478",3465,1,3,32,44,0,28,21,129
"1480",3500,0,17,32,34.6666666666667,0,22,20.6666666666667,118.444444444444
"1481",4500,1,3,32,33,0,22,21,129
"1482",1254,0,14,15,1775,317.25,29,22.25,34
"1483",380,1,1,15,1900,342,29,21.5,33.5
"2211",2166,1,5,15,1850,324,29,19.5,33.25
"1485",6080,0,16,31,3975.44444444444,1976.44444444444,0,20.6666666666667,110.666666666667
"1486",64,1,1,31,3450,1501,0,19,128
"2213",256,1,5,31,3650,1445.5,0,20.75,119
"3115",1600,1,9,31,3791.66666666667,1683.66666666667,0,20.8333333333333,108.833333333333
"458",640,1,13,31,3929.5,1903.25,0,21.625,112.5
"1488",8265,0,16,25,915.222222222222,98.1111111111111,11,16.1111111111111,97.2222222222222
"1489",435,1,3,25,1156.66666666667,153.333333333333,11,16.6666666666667,108.333333333333
"1490",9300,0,16,30,371.666666666667,55.2222222222222,0,21,65.8888888888889
"1491",1410,1,1,30,355,53,0,25.5,92.5
"2215",3760,1,3,30,356.666666666667,53.3333333333333,0,25.3333333333333,81.6666666666667
"1493",9000,0,4,33,2344,69.6666666666667,0,3.66666666666667,16.3333333333333
"1494",4000,0,17,31,802.333333333333,79.7777777777778,23,17.7777777777778,48.6666666666667
"1495",7500,1,11.5,31,792.142857142857,78.8571428571429,23,16.8571428571429,52
"1497",4150,0,10,30,440.833333333333,47.3333333333333,0,21.6666666666667,62.5
"1498",14740,0,8,9,14568.8,2185.2,0,23.4,33.2
"1499",22110,1,7,9,14568.8,2185.2,0,23.4,33.2
"1501",9100,0,14,32,7937.5,2603.25,0,65.875,120.75
"1502",960,1,7,32,8800,2855,0,64.6,130.4
"1504",3855,1,3,22,49933.3333333333,7490,55,22,34.3333333333333
"2222",2570,1,5,22,43700,6242.5,55,22.25,31.25
"3119",19275,1,7,22,40110,5509,55,20,31.8
"1506",14280,0,14,23,38757.75,5021.625,37,22.875,33.625
"1507",1680,1,3,23,50566.6666666667,7585,37,22,34.3333333333333
"2224",840,1,7,23,42840,5926,37,20,31.8
"1509",2736,0,2,40,408,20,19,37,110.5
"1510",2584,0,2,40,139,13,0,37,110.5
"1511",1700,0,15,60,470.875,46.875,10,8.25,97.5
"1512",3330,0,14,34,681.444444444444,67.5555555555556,45,22.4444444444444,11.7777777777778
"1513",370,1,5,34,614.5,61,45,27.75,8.5
"1514",2090,0,16,32,2031.22222222222,80.6666666666667,19,16.1111111111111,97.2222222222222
"1515",110,1,5,32,2138,84.75,19,15.25,104
"1516",5600,0,16,25,133,6.44444444444444,0,16.1111111111111,97.2222222222222
"1517",4264,0,7,23,687.4,102.6,0,4.2,8.8
"1518",5606,0,7,22,316.8,47,0,4.2,8.8
"1519",2160,0,16,42,343.375,40.75,0,17.375,38.375
"1520",540,1,6,42,348.5,47.75,0,19,35.75
"1521",1805,0,16,39,649,76.375,20,17.375,38.375
"1522",95,1,9,39,635,82,20,19.6,37.8
"1523",1200,0,4,48,579,57.3333333333333,0,13.6666666666667,39.3333333333333
"1524",1436,0,4,48,129.333333333333,2,0,13.6666666666667,39.3333333333333
"1525",2250,0,16,39,675.75,75.625,25,17.375,38.375
"1526",250,1,9,39,585.2,71.6,25,19.6,37.8
"1527",1029,0,4,48,88.3333333333333,0,40,13.6666666666667,39.3333333333333
"1528",960,0,4,47,88.3333333333333,0,22,13.6666666666667,39.3333333333333
"1529",875,0,2,18,165,16,0,16.5,37
"1530",750,0,2,52,98,0,12,16.5,37
"1531",875,0,2,52,118,0,30,16.5,37
"1532",2292,1,1,48,377.5,37.5,0,15,45
"1534",1710,0,4,51,175.666666666667,17,0,13.6666666666667,39.3333333333333
"1535",2592,0,9,9,1118.33333333333,111.666666666667,0,14.1666666666667,34.3333333333333
"1536",759,0,4,46,103.333333333333,5,0,13.6666666666667,39.3333333333333
"1537",2880,0,4,51,852.666666666667,85,0,13.6666666666667,39.3333333333333
"1538",1337,0,10,43,1444.55555555556,78.7777777777778,40,16.2222222222222,36.2222222222222
"1539",3262,0,6,50,153.714285714286,45.8571428571429,0,20.2857142857143,38.1428571428571
"1540",172,1,0.5,50,152,45.5,0,25.5,49.5
"1541",1925,0,8,44,132.6,13,0,14.6,37.8
"1542",765,0,6,48,148.25,14.25,0,15.75,41
"1543",996,0,8,46,204,20,0,14.6,37.8
"1544",249,1,3,46,202.666666666667,20,0,13.3333333333333,38.3333333333333
"1545",1479,0,2,52,21,0,0,16.5,37
"1546",2200,0,16,37,1219.125,182.625,30,17.375,38.375
"1547",8918,0,16,18,162.75,24.125,45,17.375,38.375
"1548",182,1,6,18,146.25,21.5,45,19,35.75
"1549",1300,0,16,49,255.777777777778,35.4444444444444,0,16.6666666666667,37.5555555555556
"1550",4085,0,16,18,458.666666666667,68.6666666666667,25,16.6666666666667,37.5555555555556
"1551",86,1,9,18,440.166666666667,66,25,18.1666666666667,36.6666666666667
"2227",129,1,15,18,458.666666666667,68.6666666666667,25,16.6666666666667,37.5555555555556
"1553",300,0,2,75,350,7,0,23,36
"1554",1530,0,16,37,112.888888888889,5.55555555555556,30.4444444444444,16.6666666666667,37.5555555555556
"1555",85,1,9,37,107.166666666667,5.33333333333333,30.6666666666667,18.1666666666667,36.6666666666667
"2229",85,1,11,37,109.714285714286,5.42857142857143,30.5714285714286,16.7142857142857,37.7142857142857
"1557",1805,0,16,43,276.111111111111,27.3333333333333,0,16.6666666666667,37.5555555555556
"1558",95,1,3,43,250,25,0,22,39.3333333333333
"1559",1822,0,8,46,183.4,18,0,14.6,37.8
"1560",600,0,17,29,23.7777777777778,0,9,20.6666666666667,118.444444444444
"1561",375,1,1,29,22,0,9,24.5,128
"1563",2380,0,7,26,183.25,17.75,0,5.25,28.25
"1564",1882,0,2,45,321,16,0,4.5,5
"1565",12565,0,2,47,639,95,0,4.5,5
"1566",1680,0,2,45,187,18,25,4.5,5
"1567",4144,0,2,47,129,12,10,4.5,5
"1568",4594,0,15,35,2091.44444444444,313.333333333333,0,3.44444444444444,13.4444444444444
"1569",230,1,2,35,1836.66666666667,275,0,1.33333333333333,15.6666666666667
"1571",838,0,4,42,892.333333333333,88.6666666666667,0,6.66666666666667,27.6666666666667
"1572",4392,0,2,33,544,10,0,11.5,122.5
"1573",1200,1,7.5,3,190.666666666667,17.5,13,17.8333333333333,124.166666666667
"1574",900,0,15,29,701.25,69.75,29,8.25,97.5
"1575",665,0,15,24,470.375,94,10,8.25,97.5
"1576",35,1,10,24,463.833333333333,92.6666666666667,10,7.33333333333333,98
"1577",7300,0,15,29,296.75,59.125,0,8.25,97.5
"1578",6680,0,17,12,120.888888888889,11.5555555555556,25,17.7777777777778,48.6666666666667
"1579",20,1,15.5,12,120.888888888889,11.5555555555556,25,17.7777777777778,48.6666666666667
"1580",1400,0,15,24,517.375,51,5,8.75,98.125
"1581",6600,0,15,31,445,44,0,8.25,97.5
"1582",4410,0,17,36,1280,158.4,0,15.6,50.6
"1583",490,1,3,36,1100,110,0,9.33333333333333,60.3333333333333
"1584",6750,0,16,22,89.5555555555556,4.22222222222222,29.4444444444444,16.1111111111111,97.2222222222222
"1585",750,1,15,22,89.5555555555556,4.22222222222222,29.4444444444444,16.1111111111111,97.2222222222222
"1586",2067,0,2,32,28,0,10,22,97.5
"1587",5100,0,4,28,384.666666666667,7,0,28,106.666666666667
"1588",2800,0,4,30,108.666666666667,2,10,28,106.666666666667
"1589",22150,0,16,12,4304.55555555556,951,0,20.3333333333333,71.3333333333333
"1590",443,1,1,12,2750,832,0,16,87.5
"2235",1772,1,3,12,2950,822.666666666667,0,17.6666666666667,89
"3122",11075,1,5,12,3362.5,812.5,0,19.5,81.75
"461",8860,1,15,12,4304.55555555556,951,0,20.3333333333333,71.3333333333333
"1592",13091,0,6,21,9134.75,182.25,0,25.5,33.25
"1593",3461,0,2,24,42,0,0,14,8.5
"1594",4700,0,16,11,46.25,2,15,26.5,110.625
"1595",20,0,8,19,111,3,0,4.8,13.8
"1596",2145,0,12,36,962.857142857143,268.285714285714,0,10.7142857142857,16.2857142857143
"1597",1755,1,1,36,1080,446,0,9,9
"2237",195,1,9,36,981.666666666667,289,0,11.3333333333333,16.8333333333333
"1599",2904,0,2,12,2781,444,2,NA,6.5
"1600",3080,0,2,12,16171,1617,10,NA,6.5
"1601",11868,0,13,10,6320.14285714286,717.428571428571,57,23.8571428571429,31.5714285714286
"1602",4000,0,9,12,2758.8,330.6,1,23.2,114.6
"1603",760,1,7.5,12,2758.8,330.6,1,23.2,114.6
"1605",9175,0,9,9,8901.4,652.4,5,23.2,114.6
"1606",2106,1,7.5,9,8901.4,652.4,5,23.2,114.6
"1608",3666,0,10,7,30396,2354.33333333333,64,26,118.833333333333
"1609",423,1,1,7,22127,1991,64,27.5,126.5
"2241",7755,1,3,7,22692,2041.66666666667,64,28.3333333333333,129
"3126",1974,1,7,7,28855.2,2291.8,64,27,124.8
"1612",30380,0,8,7,28975.2,2087.2,20,27,124.8
"1613",5580,1,3,7,22692,1815,20,28.3333333333333,129
"1615",100,0,8,11,2845.4,185.8,0,16.8,91.8
"1616",4276,0,3,1,12100,847,27,2.66666666666667,21
"1617",7942,1,0.5,1,12100,847,27,3.5,18.5
"1619",16285,0,2,2,4242,212,27,3.5,27.5
"1620",3380,0,3,1,8100,567,27,2.66666666666667,21
"1621",2860,0,2,2,4242,424,27,3.5,27.5
"1622",9350,0,11,6,6547,196,19,66.1666666666667,112.666666666667
"1623",4050,1,5,6,6498.5,194.5,19,69.5,119
"1627",6200,0,12,3,460.142857142857,45.7142857142857,30,7.85714285714286,24
"1628",8348,0,7,9,7597,759,0,10.25,50.5
"1629",16696,1,3,9,7547,754,0,11.6666666666667,54
"2251",12523,1,6,9,7597,759,0,10.25,50.5
"1632",2132,1,6,9,41.8,6,0,4.2,8.8
"1633",1008,1,1,58,19800,2970,21,21.5,132
"1636",1520,0,6,34,776.25,15,0,13.25,122
"1637",80,1,5,34,776.25,15,0,13.25,122
"1638",1600,0,6,34,766.5,14.75,0,13.25,122
"1639",9800,0,16,3,9461.66666666667,471.333333333333,35,4.66666666666667,13.7777777777778
"1640",500,1,15,3,9461.66666666667,471.333333333333,35,4.66666666666667,13.7777777777778
"1641",5116,0,2,13,92,0,0,14,8.5
"1642",2600,0,12,4,41,7.85714285714286,0,10.7142857142857,117.285714285714
"1643",1734,0,12,2,220.333333333333,21.8333333333333,20,10,43.5
"1644",231,1,3,2,213.666666666667,21,20,10.6666666666667,37
"2256",347,1,11,2,220.333333333333,21.8333333333333,20,10,43.5
"1646",3600,0,2,2,558.5,55.5,0,22.5,23
"1647",1820,0,3,2,2209,220.666666666667,0,18.6666666666667,26.6666666666667
"1648",350,0,16,42,52.8888888888889,2,45,20.3333333333333,71.3333333333333
"1649",35,1,5,42,50.5,2,45,19.5,81.75
"2258",315,1,7,42,51,2,45,17,76.8
"1651",1700,0,2,7,944,94,0,22.5,23
"1652",4480,0,10,5,4712.5,389,4,15.3333333333333,118.666666666667
"1653",560,1,3,5,3971,397,4,17.3333333333333,112.666666666667
"2260",560,1,7,5,4564.2,390.6,4,17,118.8
"1655",8507,0,9,4,12161,1403.2,0,7.2,84.2
"1656",4253,1,1.5,4,10700,1123.5,0,5.5,66
"2262",25518,1,4,4,10668.3333333333,1279,0,7,74.3333333333333
"1658",5375,0,12,1,3489.71428571429,348.285714285714,0,24.5714285714286,31.1428571428571
"1659",3170,0,2,4,89,0,23,14,8.5
"1660",2109,0,11,4,148.857142857143,9,0,18.7142857142857,11
"1661",111,1,8,4,146.833333333333,9.16666666666667,0,18.5,10.8333333333333
"1662",1330,0,13,2,232,20.75,40,21.5,69
"1663",70,1,8,2,219.333333333333,20.6666666666667,40,20,70
"1664",3360,0,10,2,10457.5,522.5,0,22.6666666666667,31.5
"1665",420,1,3,2,10200,510,0,17.3333333333333,29
"1667",3534,0,10,6,193,18.6666666666667,36,4.5,9.16666666666667
"1668",178,1,5,6,190,18.5,36,4,9.25
"1669",1800,0,2,14,115,5,0,4.5,5
"1670",2940,0,13,4,3942.85714285714,895.714285714286,40,9.14285714285714,51.5714285714286
"1671",4900,1,1,4,3950,886.5,40,6,55.5
"1673",6372,0,12,4,642.857142857143,6,0,17.4285714285714,12.5714285714286
"1674",258,1,3,4,618.333333333333,6,0,23.6666666666667,11.6666666666667
"1676",4920,0,2,3,5692,170,0,21.5,106
"1677",8670,0,2,3,5592,167,0,21.5,106
"1678",7642,0,13,1,291.625,8.375,2,5,14
"1679",46,1,12,1,291.625,8.375,2,5,14
"1680",4640,0,13,0,535.5,26.625,15,17.375,48.375
"1681",244,1,0.5,0,500,25,15,12,63
"1682",8522,0,10,0,1046,20.5,14,9.66666666666667,98.3333333333333
"1683",3950,0,13,72,182.125,3,0,3.625,12.625
"1686",50,1,1,1,42.5,0,0,1,13.5
"2272",950,1,4,1,39,0,0,1.75,12.5
"1688",2874,0,13,41,103.625,1.875,0,18.875,30.5
"1689",786,1,1,41,101,1.5,0,15.5,36
"2274",589,1,2.5,41,101.333333333333,1.66666666666667,0,14.3333333333333,29.6666666666667
"3137",1,1,8,41,102.833333333333,1.83333333333333,0,17.8333333333333,32.3333333333333
"1692",5540,0,2,10,269,26,0,4.5,5
"1693",1248,0,2,4,53,5,0,14.5,32.5
"1694",1775,0,9,2,25.5,0.166666666666667,0,17.8333333333333,11.1666666666667
"1695",1781,0,10,2,1321.33333333333,131.666666666667,30,47.3333333333333,118.833333333333
"1696",2420,1,9,2,1321.33333333333,131.666666666667,30,47.3333333333333,118.833333333333
"1697",368,0,17,38,755.111111111111,75.2222222222222,14,54.5555555555556,124.111111111111
"1700",3500,0,10,1,42.6666666666667,2,18,19,113.833333333333
"1701",1000,1,3,1,63.3333333333333,3,18,17.6666666666667,132.333333333333
"2279",500,1,9,1,42.6666666666667,2,18,19,113.833333333333
"1703",21310,0,6,1,15443.6,3768.8,0,8.6,25.8
"1704",31965,1,1,1,14975,3513.5,0,10,23.5
"1706",4620,0,3,1,9647.33333333333,3246.66666666667,40,8.33333333333333,27
"1707",22728,0,4,2,1200,24,8,NA,35
"1708",15048,0,4,3,82900,11631.6666666667,0,5.33333333333333,11.6666666666667
"1709",313,1,3,3,82900,11631.6666666667,0,5.33333333333333,11.6666666666667
"1711",12633,0,4,2,82900,11631.6666666667,0,5.33333333333333,11.6666666666667
"1712",3252,0,6,2,2757,474.75,38,15.75,41
"1713",5911,0,6,2,3333,492.5,30,4.25,28.25
"1714",1,1,3,2,3410.66666666667,429.333333333333,30,5.33333333333333,29
"1715",2695,0,6,2,3208,542.75,0,15.75,41
"1716",2736,0,6,2,3208,542.75,53,15.75,41
"1717",1940,0,7,4,29596.4,6689.8,13,6.8,16
"1719",21976,0,7,1,6900,836.4,0,NA,27.2
"1720",3302,1,4,1,7300,846.75,0,8.25,30.5
"1721",1563,0,7,3,7300,534.5,0,11.75,11.5
"1722",16987,0,6,2,9146.25,1443.5,30,25.5,33.25
"1723",15390,0,2,2,29923,2992,20,7.5,47
"1724",5327,1,2,2,5786,578.5,0,11,55
"2286",9895,1,5,2,5824,582.333333333333,0,9.33333333333333,50
"1726",601,0,10,44,410,20,0,4.5,12.3333333333333
"1727",646,1,3,44,404,20,0,4,15.3333333333333
"1729",34405,0,8,3,1537,76.8,5,NA,11.8
"1730",14473,0,8,9,7058.2,634.4,12,NA,10.8
"1731",74678,0,2,2,49655,2527.5,49.5,NA,9.5
"1732",19914,1,1,2,49655,2527.5,49.5,NA,9.5
"1733",825,0,8,3,27.6,2,0,11.2,98.2
"1734",43,1,3,3,27.3333333333333,2,0,11.3333333333333,99.6666666666667
"1735",2875,0,7,3,118.75,11,3.75,7.75,23.75
"1736",7410,0,11,1,5418.66666666667,2070.66666666667,11,21.8333333333333,87.8333333333333
"1737",10446,1,1,1,5375,1643,11,16.5,84
"1739",21820,0,6,2,4281.5,2525.75,0,25.25,97.25
"1740",12564,1,3,2,4278,2523.66666666667,0,28,106.666666666667
"1742",22680,0,6,1,4281.5,2525.75,0,25.25,97.25
"1743",14490,1,3,1,4278,2523.66666666667,0,28,106.666666666667
"1745",3846,0,5,2,77.75,3.25,0,17.5,42.75
"1746",16043,0,9,0,18990.6666666667,948.666666666667,0.833333333333333,3.5,9.5
"1747",1000,1,8,0,18990.6666666667,948.666666666667,0.833333333333333,3.5,9.5
"1748",53100,0,3,3,21564,3450,0,9.33333333333333,23.3333333333333
"1749",9120,0,4,2,4100,409.5,0,11,55
"1750",7862,0,7,3,5900,1606.75,0,63.25,109.5
"1751",7272,0,4,2,10771.3333333333,969,0,15,13
"1752",455,1,1,2,10753.5,967.5,0,12.5,13.5
"1754",13770,0,6,2,6345.25,880.5,0,12.75,13.25
"1755",728,0,8,2,51.8,5,35,11.2,98.2
"1756",5205,0,7,1,1289.16666666667,306.166666666667,0,8,23
"1757",792,1,0.5,1,1500,532.5,0,7,19
"2297",264,1,4.5,1,1375,315.8,0,8.8,22.8
"1759",3365,0,3,5,1073.33333333333,202,0,7.66666666666667,21
"1760",410,1,2,5,1073.33333333333,202,0,7.66666666666667,21
"1762",1069,0,5,4,14698,734,0,6,7.75
"1763",12440,0,5,4,16829,841,0,6,7.75
"1764",2538,1,0.5,4,16829,841,0,4.5,8
"1766",6310,0,8,1,13227,1587.4,0,12.2,106
"1767",3394,1,1,1,13267.5,738.5,0,14,110.5
"2302",565,1,3,1,12978.3333333333,1195,0,13.3333333333333,115.666666666667
"3148",2262,1,5,1,13133.75,1440.25,0,12,115.25
"1770",5400,0,5,3,218,68.25,15.75,12.25,56.75
"1771",300,1,0.5,3,201,68,10.5,16,52.5
"1773",10358,0,6,2,1248.25,374.5,14,12,99.5
"1774",575,1,1,2,1346.5,363.5,14,13,103
"1775",3214,0,11,1,107.142857142857,5,4,17.1428571428571,114.285714285714
"1776",10,1,10,1,107.142857142857,5,4,17.1428571428571,114.285714285714
"1777",5276,0,6,3,1253.25,400.5,0,12,99.5
"1778",1187,0,6,2,2205.5,701.25,35,12,99.5
"1779",13789,0,6,2,2752,282.5,40,12,99.5
"1780",2450,0,7,3,5870,1490.5,64,63.25,109.5
"1781",700,1,1,3,5840,1388,64,67,119
"1783",30440,0,6,3,7182.5,2468.25,30,66.75,110.75
"1784",6088,1,3,3,7710,2600.33333333333,30,72,117.333333333333
"1787",7200,0,6,3,1771.5,176.25,0,26.75,27.5
"1788",5538,0,6,1,12870,1767.75,0,25.5,33.25
"1789",5600,0,8,1,13260,1382.8,20,25.8,117.2
"1790",350,1,1,1,10600,1215.5,20,29,130
"2310",1750,1,5,1,12500,1402.5,20,27,124.25
"1792",3397,0,6,2,5138,1362,0,47.25,130
"1793",6232,0,7,1,494.2,48.8,44.4,14.6,13.4
"1794",300,1,6,1,494.2,48.8,44.4,14.6,13.4
"1795",8488,0,5,1,939.25,93.5,39,16.75,13.25
"1796",5170,0,4,2,290.333333333333,28.6666666666667,26,15,13
"1797",3990,0,7,1,130.4,8.2,79.2,14.6,13.4
"1798",6917,0,5,1,822,131.25,10,16.75,13.25
"1799",9227,0,5,1,782,78,0,16.75,13.25
"1800",3440,0,15,27,2730.375,26.875,0,9.125,22.375
"1801",860,1,5.5,27,2619.5,26,0,8.5,13.5
"1802",95,1,3,21,91.6666666666667,3,5,9.66666666666667,14
"2312",1805,1,8,21,108.5,1.5,5,9.33333333333333,15.1666666666667
"1804",800,0,15,50,203,13.125,51.75,9.125,22.375
"1805",1288,0,16,16,552.375,16,31,8.125,23
"1806",112,1,7,16,521.5,15.25,31,6.5,14.75
"1807",2030,0,16,36,356.111111111111,24.4444444444444,81,7.77777777777778,22.3333333333333
"1808",580,1,7,36,340,23.4,66.6,6.2,15.2
"2314",290,1,11,36,349.285714285714,24,75.8571428571429,7,20.5714285714286
"1810",2295,0,16,36,335.444444444444,23.1111111111111,13,7.77777777777778,22.3333333333333
"1811",270,1,1,36,320,22,13,7.5,16.5
"1813",1250,0,16,36,245.777777777778,16.7777777777778,45,7.77777777777778,22.3333333333333
"1814",1250,1,15,36,245.777777777778,16.7777777777778,45,7.77777777777778,22.3333333333333
"1815",390,1,1,42,165,16,10,9,9
"2317",910,1,3,42,166.666666666667,16.3333333333333,10,9.66666666666667,14
"1817",1800,0,15,44,246.9,11.8,0,9.5,18.7
"1818",960,0,17,19,946.4,47.1,0,7.7,17
"1819",1200,1,3,19,853.333333333333,42.3333333333333,0,6.66666666666667,16.6666666666667
"1821",105,1,3,35,326,9.66666666666667,12,6.66666666666667,16.6666666666667
"2321",1995,1,5,35,339.75,10,12,6.5,16
"1823",350,0,15,44,361.111111111111,54,0,8.88888888888889,16.8888888888889
"1824",700,1,4,44,347.5,52,0,9,12
"1825",1400,1,5.5,17,129,3.25,0,8.5,13.5
"1826",975,0,15,17,123.125,3,0,9.125,22.375
"1827",325,1,8,17,119.6,3,0,9.8,17.8
"1828",900,1,12,43,111.428571428571,3,45,9.28571428571429,22.5714285714286
"1829",855,0,15,34,514.75,25.5,35,9.125,22.375
"1830",45,1,5.5,34,493.75,24.25,35,8.5,13.5
"1831",1500,0,15,46,207.25,13.75,0,8.625,16
"1832",1000,1,4,22,347.5,17.25,0,9,12
"1833",2080,0,16,17,356.111111111111,24.4444444444444,20,7.77777777777778,22.3333333333333
"1834",520,1,5,17,333.75,23,20,6.5,16
"1836",2100,1,5,18,133.333333333333,3.33333333333333,0,5,16
"1837",1512,1,1,35,484.5,23.5,30,7.5,16.5
"1839",600,1,1,25,536,53.5,0,7.5,16.5
"2326",2400,1,3,25,541.333333333333,54,0,6.66666666666667,16.6666666666667
"1842",810,1,1,26,552,55,0,8,16.5
"2329",1350,1,3,26,571,56.6666666666667,0,7.33333333333333,15.6666666666667
"1845",9720,1,3,42,804.333333333333,80,0,7.33333333333333,15.6666666666667
"1848",10300,0,15,21,836.5,41.125,10,9.125,22.375
"1849",270,1,3,40,166.666666666667,16.6666666666667,10,6.66666666666667,16.6666666666667
"2334",630,1,5,40,173.25,14.75,10,6.5,16
"1851",2300,1,5,24,345.25,17.25,30,6.5,16
"1852",504,1,1,46,1710,85.5,0,7.5,16.5
"2336",2296,1,5,46,1770,88.5,0,6.5,16
"1855",7800,1,3,39,1238.66666666667,86.3333333333333,30,6.66666666666667,16.6666666666667
"1857",3600,0,16,29,639,31.7777777777778,30,7.77777777777778,22.3333333333333
"1858",560,0,15,51,342.75,16.625,20,9.125,22.375
"1859",140,1,14,51,342.75,16.625,20,9.125,22.375
"1860",490,0,16,38,559.666666666667,55.6666666666667,24,7.77777777777778,22.3333333333333
"1861",210,1,1,38,535,53.5,24,7.5,16.5
"1862",18900,0,16,28,844.9,41.7,0,11,18.2
"1863",1500,0,16,26,396.333333333333,19.2222222222222,0,10.7777777777778,16.2222222222222
"1864",115,1,1,26,370,18,0,9,9
"2340",115,1,5,26,380.5,18.5,0,9,11
"3162",1150,1,7,26,383.8,18.6,0,9.6,14
"1866",1694,0,16,42,175.111111111111,12.2222222222222,35,10.7777777777778,16.2222222222222
"1867",170,1,7,42,170,12.4,35,9.6,14
"1868",800,0,12,32,709.428571428571,34.7142857142857,45,7.85714285714286,24
"1873",460,0,16,43,507.777777777778,24.8888888888889,0,7.77777777777778,22.3333333333333
"1874",460,1,3,43,489.333333333333,23.6666666666667,0,6.66666666666667,16.6666666666667
"2347",1380,1,9,43,498.166666666667,24.3333333333333,0,7.66666666666667,18.5
"1877",1350,1,3,38,322.666666666667,15.6666666666667,35,6.66666666666667,16.6666666666667
"2350",540,1,5,38,325.5,15.75,35,6.5,16
"3167",810,1,7,38,327.2,15.8,35,6.2,15.2
"1880",11296,0,15,16,941,94,0,10.7777777777778,16.6666666666667
"1881",4,1,14,16,941,94,0,10.7777777777778,16.6666666666667
"1882",32,0,2,27,659,46,30,13,18.5
"1883",2192,0,15,15,112.555555555556,10.7777777777778,0,10.7777777777778,16.6666666666667
"1884",8,1,14,15,112.555555555556,10.7777777777778,0,10.7777777777778,16.6666666666667
"1886",2300,1,5,19,103,3,0,6.5,16
"1888",3330,0,15,22,87.5555555555556,0,15,10.7777777777778,16.6666666666667
"1889",370,1,6,22,84.2,0,15,9.6,14.8
"1890",1345,0,15,31,152.777777777778,30.3333333333333,0,10.7777777777778,16.6666666666667
"1891",210,1,6,31,147.4,29.2,0,9.6,14.8
"1893",800,0,16,28,1670.22222222222,166.555555555556,0,7.77777777777778,22.3333333333333
"1894",1300,1,7,23,475,47.4,38,6.2,15.2
"1895",8560,0,17,11,1097.2,109.3,40,7.8,18.9
"1896",1760,1,3,11,963.333333333333,96.3333333333333,40,6.66666666666667,16.6666666666667
"1897",1300,0,16,24,1001.77777777778,70,52,7.77777777777778,22.3333333333333
"1898",900,0,15,47,110.333333333333,5,0,10.7777777777778,16.6666666666667
"1899",2350,0,15,45,283.5,27.875,0,9.125,22.375
"1900",1410,1,8,45,274.8,27.2,0,9.8,17.8
"2358",940,1,12,45,281.428571428571,27.7142857142857,0,9.28571428571429,22.5714285714286
"1902",2370,0,18,30,839.9,125.5,15,8.7,18
"1903",3950,1,1,30,732,109.5,15,7.5,16.5
"2360",3950,1,5,30,770.25,115.25,15,6.5,16
"1906",6200,0,15,27,131.375,6,0,9.125,22.375
"1907",1600,1,5,30,248,7,0,6.5,16
"1908",2400,1,5,29,248,7,0,6.5,16
"1909",285,0,16,76,4972.625,444.375,99,7.375,23.125
"1910",15,1,5,76,4470,306.666666666667,99,5,16
"1911",580,0,16,41,306.888888888889,15.2222222222222,0,10,18
"1912",666,1,0.5,41,280,14,0,9,11
"2363",1010,1,2,41,286.666666666667,14.3333333333333,0,9.66666666666667,15.3333333333333
"3172",124,1,4,41,292.25,14.5,0,9,12
"1914",27550,0,15,32,516,40.8,8,11,18.6
"1915",1450,1,6,32,498,39.6,8,9.6,14.8
"1916",1000,1,3,26,5140,359,0,6.66666666666667,16.6666666666667
"2365",4000,1,5,26,5292.5,369.75,0,6.5,16
"1919",16533,0,15,29,2558,511.333333333333,0,8.88888888888889,20.1111111111111
"1920",167,1,12,29,2542.875,508.375,0,9,20
"1921",11500,0,15,33,4994.88888888889,1498,12,8.88888888888889,20.1111111111111
"1922",19870,0,15,32,1307.77777777778,261.222222222222,0,10.7777777777778,16.6666666666667
"1923",30,1,14,32,1307.77777777778,261.222222222222,0,10.7777777777778,16.6666666666667
"1924",2103,0,6,2,7750,838.75,0,11.5,73
"1925",486,1,1,2,7000,742.5,0,8.5,77.5
"1927",3800,0,16,63,64.3333333333333,0,0,18.6666666666667,40
"1928",200,1,9,63,62,0,0,19.6,37.8
"1929",1100,0,16,63,43.2222222222222,0,0,16.6666666666667,37.5555555555556
"1930",32345,0,4,3,82900,11631.6666666667,15,5.33333333333333,11.6666666666667
"1931",6050,0,4,4,122.333333333333,36.3333333333333,0,23,112.333333333333
"1932",13061,0,4,3,35653,7843,45,5.33333333333333,11.6666666666667
"1933",705,1,1,3,35653,7843,45,6.5,9.5
"1935",13676,0,4,3,35653,7843,43,5.33333333333333,11.6666666666667
"1936",738,1,1,3,35653,7843,43,6.5,9.5
"1938",16365,0,4,2,1977,434,36,5,9.33333333333333
"1939",1643,1,1,2,1977,434,36,6.5,9
"1941",1154,0,4,2,11968,2273,38,5,9.33333333333333
"1942",1,1,1,2,11968,2273,38,6.5,9
"2376",3047,1,3,2,11968,2273,38,5,9.33333333333333
"1945",5660,0,7,0,942.5,167.5,45,6.5,86.75
"1946",100,1,5.5,0,942.5,167.5,45,6.5,86.75
"1947",3523,0,8,1,958,162,30,5.2,84.2
"1948",226,1,1,1,1055,95,30,8,83.5
"2379",226,1,2.5,1,1010,100,30,6,84.6666666666667
"3176",2714,1,4,1,977.5,138.75,30,5.75,89
"1950",5887,0,2,6,4090,409,0,7.5,47
"1951",1,1,1,6,4090,409,0,7.5,47
"1952",16000,0,6,3,7471.5,747,0,7.5,7.75
"1953",3850,0,6,2,4852.66666666667,485,0,9.33333333333333,50
"1954",4660,0,7,1,1559.6,108.8,0,6.8,16
"1955",20,1,6,1,1559.6,108.8,0,6.8,16
"1956",2150,0,8,0,13419.2,4427.6,30,11.4,24.6
"1957",1820,1,2.5,0,13349.3333333333,4404.66666666667,30,8.33333333333333,27
"2381",580,1,6.5,0,13419.2,4427.6,30,11.4,24.6
"1959",4761,0,3,4,3100,31,0,9.66666666666667,23.3333333333333
"1960",9765,0,6,2,1596.66666666667,159.333333333333,0,9.33333333333333,50
"1961",543,1,2,2,1578.5,157.5,0,11,55
"2383",542,1,5,2,1596.66666666667,159.333333333333,0,9.33333333333333,50
"1963",5153,0,7,1,8334.2,1666.6,14.4,4.8,8.6
"1964",368,1,6,1,8334.2,1666.6,14.4,4.8,8.6
"1966",9062,0,5,1,5490.5,1372,0,5,7.75
"1967",68023,0,4,1,4371,437,0,NA,11.6666666666667
"1968",12173,0,6,1,1172.25,117,30,25.5,33.25
"1969",9000,0,4,1,1511,151,0,28,34
"1970",1857,0,2,1,267.5,26,0,22.5,36.5
"1971",3900,0,7,1,2472.6,246.8,40,6.8,16
"1972",30335,0,4,1,5433.33333333333,543.333333333333,0,5,9.33333333333333
"1973",3048,1,1,1,5500,550,0,6.5,9
"1974",18015,0,8,6,1032,20,20,NA,7.2
"1975",2890,0,7,2,5612,785,0,22,111.75
"1976",2064,1,3,2,5607.33333333333,784.333333333333,0,26.6666666666667,123.666666666667
"1978",2828,0,5,5,5757,805,0,19.3333333333333,104.333333333333
"1979",2064,1,1,5,5757,805,0,25,118.5
"1981",6370,0,4,0,15988.6666666667,4153.66666666667,43.3333333333333,10.3333333333333,34.6666666666667
"1982",4459,0,4,2,15988.6666666667,4153.66666666667,37.3333333333333,10.3333333333333,34.6666666666667
"1983",318,1,1,2,16029,4003.5,36,9,34
"2391",956,1,3,2,15988.6666666667,4153.66666666667,37.3333333333333,10.3333333333333,34.6666666666667
"1985",9450,0,4,1,15988.6666666667,4153.66666666667,30,10.3333333333333,34.6666666666667
"1986",4565,0,6,1,2098.66666666667,209.333333333333,0,9.33333333333333,50
"1987",2232,0,4,1,21606.6666666667,6882,0,10.3333333333333,34.6666666666667
"1988",2232,1,1,1,22410,6723,0,9,34
"1991",8820,0,5,1,1000,20,51,10,8
"1992",73,1,3.5,1,1000,20,51,10,8
"1993",6860,0,4,1,918,79.6666666666667,50,20.3333333333333,103
"1994",9167,0,6,1,723.6,144.2,0,4.4,7.8
"1995",24590,0,4,2,6644,664,0,6,5.66666666666667
"1996",180,1,3,2,6644,664,0,6,5.66666666666667
"1998",4825,0,5,2,19400.25,969.5,0,5.25,7
"1999",21709,0,5,0,7538.75,829,84,17.5,42.75
"11000",2412,1,0.5,0,7557.5,831,84,18.5,48.5
"11001",5027,1,5,2,3070,460.5,45,9.75,31.25
"11002",3226,0,4,1,993.666666666667,144,35,13,119.333333333333
"11003",1792,1,1,1,1025.5,86,35,15.5,122
"11004",3046,0,4,0,987,138.666666666667,10,13,119.333333333333
"11005",538,1,3,0,987,138.666666666667,10,13,119.333333333333
"11006",7619,0,4,1,130.333333333333,13,0,13.6666666666667,39.3333333333333
"11007",3253,0,4,1,15988.6666666667,4153.66666666667,50,10.3333333333333,34.6666666666667
"11008",361,1,1,1,16029,4003.5,60,9,34
"11009",4915,0,2,5,18001,540,0,3.5,27.5
"11010",5484,0,5,1,3033.5,584.75,0,16.5,27.5
"11011",1434,1,0.5,1,2967,580.5,0,11,30
"2397",358,1,2,1,3011.33333333333,583.333333333333,0,19.3333333333333,31.3333333333333
"11013",3990,0,5,3,2020,202,31.6666666666667,4.66666666666667,9
"11014",1500,1,3.5,3,2020,202,31.6666666666667,4.66666666666667,9
"11015",24299,0,2,2,7957,1193,0,10.5,28.5
"11016",4406,0,3,3,2800,984,56,5.66666666666667,11.6666666666667
"11017",10797,0,3,2,6233.33333333333,1082,10,2.66666666666667,13.3333333333333
"11018",11813,0,4,1,422.666666666667,41.6666666666667,0,52.3333333333333,129.333333333333
"11019",11310,1,1,2,1347,94,0,9,34
"11021",3720,0,2,3,18534,4633,0,6.5,10
"11022",454,1,1,3,18534,4633,0,6.5,10
"11023",3673,0,4,2,22119,5529,20,5,9.33333333333333
"11024",1089,1,3,2,22119,5529,20,5,9.33333333333333
"11026",4290,0,4,2,4898,2351,15,14.3333333333333,100.666666666667
"11027",6210,0,4,2,752,75,0,68,104.666666666667
"11028",20,1,3,2,752,75,0,68,104.666666666667
"11029",8710,0,4,3,752,75,0,68,104.666666666667
"11030",40,1,3,3,752,75,0,68,104.666666666667
"11031",7690,0,4,3,994,99,30,68,104.666666666667
"11032",360,1,3,3,994,99,30,68,104.666666666667
"11033",3217,0,4,2,1017,305,39,68,104.666666666667
"11035",14680,0,5,1,19746,6516,37,19,22.6666666666667
"11036",10340,1,1,1,19746,6516,37,25,25
"11038",20680,0,6,0,19746,6516,37,16.25,28
"11039",5717,0,5,2,3033.5,584.75,0,16.5,27.5
"11040",1493,1,0.5,2,2967,580.5,0,11,30
"2404",374,1,2,2,3011.33333333333,583.333333333333,0,19.3333333333333,31.3333333333333
"11042",26383,0,2,0,11150,1003.5,0,1,5.5
"11043",2932,1,1,0,11150,1003.5,0,1,5.5
"11044",3459,0,4,1,4382,292,19,4,8
"11045",5273,0,2,5,11198,1119,20,28.5,30
"11046",2700,0,5,0,18567,4452.75,0,5.5,14.25
"11047",8204,0,6,0,1985,19,78,25.25,115
"11048",1500,1,5,0,1985,19,78,25.25,115
"11050",5080,0,6,1,44380,9319,54,26.75,27.5
"11051",17600,0,4,2,206.666666666667,44.6666666666667,0,20.6666666666667,100.333333333333
"11052",3173,0,4,1,1378.5,137.5,30,11,55
"11053",4276,0,4,1,1378.5,137.5,30,11,55
"11054",2666,0,4,1,313.5,31,25,11,55
"11055",36082,0,3,1,8200,4564,35,21.6666666666667,109.666666666667
"11056",6367,1,0.5,1,8100,4536,35,26,116.5
"2407",1,1,2,1,8200,4564,35,21.6666666666667,109.666666666667
"11058",3297,0,4,1,55.3333333333333,19,10,20.3333333333333,114.333333333333
"11059",11357,0,2,2,424,63,0,10.5,28.5
"11060",16312,0,4,1,3808,266,0,8,30
"11061",16206,0,2,2,18945,947,25,28.5,30
"11062",3910,0,2,4,22321,5803,82,NA,21
"11063",4000,1,1,4,22321,5803,82,NA,21
"11064",3910,0,2,4,22321,5803,82,NA,21
"11065",4000,1,1,4,22321,5803,82,NA,21
"11066",2860,0,2,2,8250,330,0,11.5,122.5
"11067",18477,0,2,3,2020,202,76,7.5,47
"11068",18119,0,2,5,2800,868,0,10.5,19.5
"11069",10080,0,6,1,14426,1442,0,13.25,122
"11070",4387,0,4,2,2505.33333333333,75,30,7.66666666666667,13
"11071",14094,0,3,5,3850,770,30,6,4.5
"11072",20,1,1.5,5,3850,770,30,6,4.5
"11073",3480,0,5,2,85,12.25,0,5,8.25
"11074",8680,0,2,4,11968,4428,17,6.5,10
"11075",9827,0,2,4,11968,4428,17,6.5,10
"11076",8112,0,2,4,11968,4428,26,6.5,10
"11077",8755,0,2,4,11968,4428,26,6.5,10
"11078",3439,0,2,4,11968,4428,30,6.5,10
"11079",2228,0,6,1,10830.25,1566,0,13,106.75
"11080",371,1,1,1,11660.5,1432,0,15.5,122
"2409",1113,1,3,1,11107,1521.33333333333,0,13,119.333333333333
"11082",4680,0,2,6,7885,788,0,28.5,30
"11083",3721,0,2,2,1400,280,19,7.5,13.5
"11084",5,1,1,2,1400,280,19,7.5,13.5
"11085",9248,0,1,3,14100,846,0,34,26
"11086",5387,1,5,3,4447,221.5,49.75,25.25,115
"11088",41473,1,1,1,1771,35,0,15,121.5
"11089",7583,0,2,4,14900,5513,25,NA,31.5
"11090",4105,0,2,4,13282,3984,27,NA,31.5
"11091",4782,0,4,2,13282,3984,29.3333333333333,NA,35
"11092",1025,1,1,2,13282,3984,29.5,12.5,45.5
"11095",8400,0,2,2,2450,367.5,0,NA,4
"11096",5253,0,4,1,8947,2863,30,18.3333333333333,36.3333333333333
"11097",5253,0,4,1,9999,3299,30,18.3333333333333,36.3333333333333
"11098",2688,0,4,3,104,1,0,28,34
"11099",3200,0,4,3,386,19,40,28,34
"11100",606,0,2,2,206,10,30,9,27
"11101",1856,0,2,5,686,68,0,7.5,47
"11102",13464,0,4,1,20366.6666666667,5906.33333333333,0,13.3333333333333,47.3333333333333
"11103",2820,0,2,0,11200,1074.5,0,2.5,19
"11104",10777,0,2,2,860,258,0,8,17
"11105",44,1,1,2,860,258,0,8,17
"11106",10350,0,2,2,12070,2776,0,NA,9.5
"11107",13285,0,2,3,3100,651,30,11,16
"11108",715,1,1,3,3100,651,30,11,16
"11109",525,0,2,48,76,19,0,13,18.5
"11110",9752,0,5,1,8468,846,0,5,3.66666666666667
"11111",5016,0,2,2,8250,330,0,11.5,122.5
"11112",7090,0,2,1,8250,330,0,11.5,122.5
"11113",2182,1,1,1,8250,330,0,11.5,122.5
"11115",424,0,2,3,100,0,0,6.5,10
"11116",2,1,1,3,100,0,0,6.5,10
"11117",3738,0,2,1,3750,489,0,3,16
"11118",5848,1,1,1,3750,489,0,3,16
"11119",6950,0,2,1,3800,491,0,3,16
"11120",4980,0,2,1,230,20,15,17,83
"11121",3374,0,2,2,690,103,12,5,8
"11122",1759,0,2,3,19400,6208,0,10.5,19.5
"11124",13724,0,2,1,8000,1200,40,NA,31.5
"11125",913,1,1,1,8000,1200,40,NA,31.5
"11126",10023,0,3,2,19990,3998,0,6,4.5
"11127",1823,1,1.5,2,19990,3998,0,6,4.5
"11128",11717,0,3,2,2517,251,15,6.5,20.5
"11129",734,0,2,1,187,18,0,3,16
"11130",734,0,2,1,187,18,0,3,16
"11131",1566,0,4,51,15,1,0,11.25,53.25
"11132",1100,0,16,37,26,2,0,8.33333333333333,45.6666666666667
"11133",2280,0,16,35,52.7777777777778,5,0,8.33333333333333,45.6666666666667
"11134",120,1,5,35,50.25,5,0,7,36.75
"11135",2550,0,16,30,52.8888888888889,7.33333333333333,0,8.33333333333333,45.6666666666667
"11136",510,1,5,30,50.5,7,0,7,36.75
"2417",340,1,9,30,51.3333333333333,7,0,7.5,39
"11138",2610,0,16,37,53.25,5,36,8.875,48
"11139",290,1,5,37,50.6666666666667,5,36,8,40
"11140",1800,0,16,40,26.125,2,0,8.875,48
"11141",1146,0,10,46,7057.27272727273,1044,0,17.8181818181818,34.1818181818182
"11142",1395,0,17,37,115.333333333333,11.3333333333333,0,20.6666666666667,118.444444444444
"11143",170,1,9,37,113,11,0,20,127.333333333333
"2419",135,1,15.5,37,115.333333333333,11.3333333333333,0,20.6666666666667,118.444444444444
"11145",665,0,16,30,11.5555555555556,0,15,15,124.444444444444
"11146",35,1,11,30,11.4285714285714,0,15,15.1428571428571,123.142857142857
"11147",500,1,3,23,10.6666666666667,0,29,19.3333333333333,138
"11148",7520,0,15,4,127.625,18.625,40,20.375,119
"11149",470,1,1,4,120,17.5,40,20,136.5
"2421",1410,1,9,4,126.166666666667,18.5,40,19.3333333333333,126.833333333333
"11151",2636,1,3,33,309,30.3333333333333,35,16.6666666666667,117.333333333333
"11153",2900,1,3,11,11.3333333333333,0,0,19.3333333333333,138
"11154",1900,0,16,15,34.8888888888889,0,0,15,124.444444444444
"11155",100,1,13,15,34.625,0,0,15.125,125
"11156",2200,0,15,34,116.111111111111,10.1111111111111,43,18.8888888888889,125.777777777778
"11157",1680,1,3,12,6615.33333333333,132,0,25.3333333333333,81.6666666666667
"2424",1120,1,7,12,6748.4,134.4,0,19.6,71.8
"3190",560,1,9,12,6828.33333333333,136,0,21.5,71.3333333333333
"488",7840,1,11,12,6885.42857142857,137.142857142857,0,23,70
"11160",1520,0,1,41,10715,321,0,NA,6.5
"11161",1070,0,3,82,85,0,0,NA,3
"11162",11800,0,4,27,4488,1795,4,6.33333333333333,6.66666666666667
"11163",4000,1,5.5,41,110.75,11,25,11.25,115.5
"11165",1400,0,16,22,233.4,22.8,0,9.5,21.1
"11166",170,1,8,22,220.8,21.6,0,9.8,17.8
"2428",1830,1,15.5,22,233.4,22.8,0,9.5,21.1
"11168",90,1,3,44,236,2,0,8.66666666666667,35.6666666666667
"2430",1710,1,5,44,238.5,2,0,10,34.5
"11170",13870,0,15,22,376.375,37,0,10.125,42.5
"11171",730,1,3,22,362,35.6666666666667,0,8.66666666666667,35.6666666666667
"2432",730,1,7,22,368.8,36.2,0,10.6,38
"3194",5840,1,8.5,22,370.5,36.3333333333333,0,11,41
"11173",930,0,6,44,465,46.25,0,7.5,27.75
"11174",2160,0,17,36,1102.55555555556,109.777777777778,0,4.88888888888889,23.2222222222222
"11175",240,1,3,36,1044.66666666667,104.333333333333,0,2.66666666666667,25
"11176",930,0,4,46,988.666666666667,98.3333333333333,0,6.66666666666667,27.6666666666667
"11177",8748,0,11,2,992.714285714286,99,26,53.4285714285714,125.285714285714
"11178",4308,1,2,2,953.666666666667,95,26,61.6666666666667,119
"11179",1995,0,4,26,132.666666666667,2,0,21.6666666666667,123.666666666667
"11180",2000,0,14,41,162.4,7.7,20,13.9,120.6
"11181",500,1,11,41,161.444444444444,7.66666666666667,20,11.2222222222222,120
"11182",180,1,10,39,789.428571428571,78.5714285714286,25,2.57142857142857,14.4285714285714
"2434",3420,1,14.5,39,744.888888888889,74,25,3.33333333333333,13.3333333333333
"11184",39,0,6,14,152,0,30,5.5,14.75
"11185",4389,0,15,24,205.111111111111,20.2222222222222,13,3.44444444444444,13.4444444444444
"11186",748,1,12,24,204,20.125,13,3.625,13.875
"11187",1800,0,15,25,519.111111111111,25.6666666666667,83.6666666666667,16.7777777777778,35.7777777777778
"11188",200,1,3,25,400,20,53,22,38.6666666666667
"11189",2430,0,15,37,4881.33333333333,732.111111111111,34,16.7777777777778,35.7777777777778
"11190",135,1,8,37,4790.16666666667,718.5,34,18.3333333333333,34
"2437",135,1,10,37,4834,725,34,16.8571428571429,35.4285714285714
"11192",120,1,6,17,197.25,19.25,0,4.5,95.5
"2439",680,1,12,17,202.428571428571,19.8571428571429,0,8.28571428571429,99
"11194",665,0,15,21,29.375,2.625,0,8.75,98.125
"11195",35,1,1.5,21,26.5,2,0,6,97.5
"11196",810,0,15,8,29.125,5.375,25,8.75,98.125
"11197",90,1,10,8,28.8333333333333,5.16666666666667,25,8,98.8333333333333
"11198",665,0,15,22,58.25,11.375,0,8.75,98.125
"11199",35,1,10,22,57.3333333333333,11.1666666666667,0,8,98.8333333333333
"11200",665,0,15,15,80.875,15.625,0,8.75,98.125
"11201",35,1,10,15,79.8333333333333,15.5,0,8,98.8333333333333
"11202",525,0,15,2,11,1,10,8.25,97.5
"11203",35,1,6,2,11,1,10,4.5,95.5
"2441",140,1,10,2,11,1,10,7.33333333333333,98
"11205",760,0,15,21,174.5,34.75,0,8.25,97.5
"11206",40,1,6,21,168.75,33.75,0,4.5,95.5
"11207",1045,0,15,22,52.8888888888889,5,0,7.66666666666667,99.7777777777778
"11208",55,1,6,22,51,5,0,4.2,100
"11209",665,0,15,21,53.25,10.375,5,8.25,97.5
"11210",35,1,6,21,51.25,10,5,4.5,95.5
"11211",498,0,4,28,91,18,8,14.3333333333333,100.666666666667
"11212",570,0,15,6,45.25,4,0,8.25,97.5
"11213",30,1,6,6,43.75,4,0,4.5,95.5
"11214",8100,0,15,37,642.875,192.75,30,8.25,97.5
"11215",900,1,6,37,622.25,186.5,30,4.5,95.5
"11216",700,0,15,20,174.5,17.125,25,8.25,97.5
"11217",800,0,15,20,93,8.75,60,8.25,97.5
"11218",600,0,15,15,45.75,4,25,8.25,97.5
"11219",498,0,15,33,131,25.875,40,8.25,97.5
"11220",570,0,15,15,232.375,23,0,8.25,97.5
"11221",30,1,6,15,225,22.25,0,4.5,95.5
"11222",1000,0,15,22,45.25,4,0,8.25,97.5
"11223",1200,0,15,20,91.875,8.75,30,8.25,97.5
"11224",665,0,15,23,23.125,2,0,8.25,97.5
"11225",35,1,6,23,22.5,2,0,4.5,95.5
"11226",500,1,10,23,35.5,6.83333333333333,0,7.33333333333333,98
"11227",55,1,3.5,21,53.6666666666667,10.6666666666667,0,3.33333333333333,96.3333333333333
"2443",1045,1,10,21,56.3333333333333,11,0,7.33333333333333,98
"11229",665,0,15,21,46.125,8.875,10,8.25,97.5
"11230",35,1,6,21,44.5,8.75,10,4.5,95.5
"11231",700,0,15,38,57.7777777777778,5.33333333333333,10,7.66666666666667,99.7777777777778
"11232",900,0,15,24,290.5,28.75,5,8.25,97.5
"11233",800,0,15,6,87.25,8.375,0,8.25,97.5
"11234",760,0,15,14,99,9.375,2,8.25,97.5
"11235",40,1,6,14,96,9,2,4.5,95.5
"11236",780,0,10,7,117.5,23.3333333333333,5,9.66666666666667,98.3333333333333
"11237",700,0,15,30,113.625,22.375,5,8.25,97.5
"11238",800,0,15,30,91.875,8.75,10,8.25,97.5
"11239",1400,0,15,27,205.25,20.125,53,8.25,97.5
"11240",700,0,13,26,35,3,0,8.85714285714286,99
"11241",700,0,15,34,516.875,51.375,10,8.25,97.5
"11242",1200,0,15,25,151.125,14.625,9,8.25,97.5
"11243",1000,0,15,23,40.75,3.75,29,8.25,97.5
"11244",700,0,15,27,275.125,27,10,8.25,97.5
"11245",800,0,13,36,165.142857142857,16.2857142857143,10,8.85714285714286,99
"11246",475,0,15,15,58.25,5.375,0,8.75,98.125
"11247",25,1,10,15,57.3333333333333,5.16666666666667,0,8,98.8333333333333
"11248",720,0,16,17,75.1111111111111,14.8888888888889,23,8.22222222222222,103.444444444444
"11249",45,1,3,17,69,13.6666666666667,23,5.33333333333333,113.666666666667
"2445",135,1,9,17,72.6666666666667,14.3333333333333,23,5.16666666666667,104.833333333333
"11251",700,0,15,21,34.8888888888889,3,0,8.55555555555556,96.7777777777778
"11253",7819,0,4,24,11250,562,7,3,29.3333333333333
"11254",5213,1,1,24,11250,562,7,4,31
"11256",900,0,14,33,2097.5,209.5,7,4.875,13.5
"11257",2890,0,16,43,2063,83.4444444444444,0,4.66666666666667,13.7777777777778
"11258",10,1,15,43,2063,83.4444444444444,0,4.66666666666667,13.7777777777778
"11259",475,0,14,70,749,33,0,4.55555555555556,15.6666666666667
"11260",5,1,3,70,1196.66666666667,57.6666666666667,0,3,13.3333333333333
"2449",20,1,9,70,881,40,0,4.33333333333333,14.8333333333333
"11263",950,0,14,63,304,14.875,0,4.875,13.5
"11264",50,1,5,63,406.5,20,0,3.5,11
"11265",2000,0,14,40,165.875,11.375,0,4.875,13.5
"11266",1200,0,14,38,165.875,11.375,0,4.875,13.5
"11267",2160,0,15,48,1587.14285714286,45.1428571428571,0,2.71428571428571,18.2857142857143
"11268",240,1,9.5,48,1517.66666666667,42.6666666666667,0,3,17
"11269",2100,0,14,37,1157.125,57.5,0,4.875,13.5
"11270",1482,0,2,26,396,19,22,6,70
"11271",864,1,3,45,28,0,0,6.66666666666667,59
"11272",65,0,15,38,327.333333333333,32.5555555555556,0,21.6666666666667,69
"11273",1300,1,6,38,317.4,31.6,0,19.4,72.6
"11275",855,0,4,46,1146.66666666667,114.333333333333,0,6.66666666666667,27.6666666666667
"11276",570,0,14,72,66.625,0,15,5.125,24.5
"11277",30,1,5,72,64.25,0,15,2.75,21.25
"11278",2500,0,14,41,114.75,11.25,28,9.25,42.875
"11279",3300,0,14,38,146.5,14.375,33,9.25,42.875
"11280",2129,0,4,18,387.666666666667,38.3333333333333,0,6.66666666666667,27.6666666666667
"11281",6070,0,2,11,2913,291,26,1,12
"11282",4895,0,16,33,813.444444444444,81.1111111111111,33,20.6666666666667,11.7777777777778
"11283",5,1,15,33,813.444444444444,81.1111111111111,33,20.6666666666667,11.7777777777778
"11284",7650,0,4,44,624,62,51,11.3333333333333,10.3333333333333
"11285",6500,0,16,23,711.666666666667,103.444444444444,0,20.6666666666667,11.7777777777778
"11286",4500,0,14,33,208.5,20.5,0,22.5,11.5
"11287",500,1,1,33,200,20,0,32,9
"11288",3690,0,14,38,350.5,34.625,40,20.625,10.375
"11289",410,1,7,38,330.4,32.8,40,24,8.8
"11290",2400,0,16,43,139.5,13.4,0,20.2,14.6
"11291",2900,1,5.5,43,128.75,12.5,0,28.75,13
"11294",450,0,14,43,475.111111111111,47,25,21.5555555555556,13.2222222222222
"11295",25,1,1,43,450,45,25,32,9
"2457",25,1,5,43,456.25,45.5,25,27.75,8.5
"11297",700,0,14,17,94.25,9,0,9.25,42.875
"11298",4600,0,14,75,262.25,12.5,30,22.75,65.75
"11299",1700,0,2,73,120,12,0,16,87.5
"11300",3900,0,14,29,464.5,92.75,24,22.625,70
"11301",3569,1,3,38,181.666666666667,18,0,25.3333333333333,81.6666666666667
"11303",2600,0,2,43,470,47,0,25.5,92.5
"11304",1040,0,16,73,483.777777777778,96.3333333333333,0,20.3333333333333,71.3333333333333
"11305",65,1,7,73,468.4,93.4,0,17,76.8
"2460",65,1,9,73,471.666666666667,94,0,16.6666666666667,73.5
"3198",130,1,13,73,480.75,95.75,0,20.375,71.5
"11307",3100,1,5,13,197.25,39.25,20,19.5,81.75
"11308",600,0,4,45,46,9,0,17.6666666666667,89
"11309",700,0,14,76,178,35.5,13,22.75,65.75
"11310",500,0,14,77,178,35.5,21,22.75,65.75
"11311",500,0,14,77,125.75,24.875,14,22.75,65.75
"11312",500,0,14,77,125.75,24.875,0,22.75,65.75
"11313",700,0,14,77,96.75,14,34,22.75,65.75
"11314",700,0,14,77,101.75,9.75,53,22.75,65.75
"11315",8500,0,17,60,3818.22222222222,431.333333333333,63,54.5555555555556,124.111111111111
"11316",1045,0,14,83,156.875,3,0,28.625,120.125
"11317",55,1,5,83,151,3,0,20.25,127.75
"11318",3300,1,5,33,1007.5,100.75,30,19.5,33.25
"2462",9240,1,8,33,1038.33333333333,118.5,30,18.3333333333333,34
"11320",11970,0,16,34,1513,226.625,0,17.375,38.375
"11321",665,1,6,34,1437.5,215.5,0,19,35.75
"2464",665,1,11,34,1485.33333333333,222.5,0,17.6666666666667,38.8333333333333
"11323",4975,1,0.5,24,2250,112,33,4.5,8
